KD_PROV,KD_KABKOTA,PROVINSI,KABKOTA,kdprov,kdkab,nmprov,nmkab,thn_prior,PCT_STUNTING_2013,PCT_STUNTING_2018
11,1101,ACEH,Simeulue,11,1109,ACEH,Kab. Simeulue,2020,49.86,47.3
11,1102,ACEH,Aceh Singkil,11,1110,ACEH,Kab. Aceh Singkil,2022,40.41,26.9
11,1103,ACEH,Aceh Selatan,11,1101,ACEH,Kab. Aceh Selatan,2022,41.74,35.9
11,1104,ACEH,Aceh Tenggara,11,1102,ACEH,Kab. Aceh Tenggara,2020,29.33,45.3
11,1105,ACEH,Aceh Timur,11,1103,ACEH,Kab. Aceh Timur,2019,39.31,42.8
11,1106,ACEH,Aceh Tengah,11,1104,ACEH,Kab. Aceh Tengah,2018,59.25,39.8
11,1107,ACEH,Aceh Barat,11,1105,ACEH,Kab. Aceh Barat,2022,40.9,32.6
11,1108,ACEH,Aceh Besar,11,1106,ACEH,Kab. Aceh Besar,2021,36.49,38.7
11,1109,ACEH,Pidie,11,1107,ACEH,Kab. Pidie,2018,57.47,36.2
11,1110,ACEH,Bireuen,11,1111,ACEH,Kab. Bireuen,2020,39.41,41
11,1111,ACEH,Aceh Utara,11,1108,ACEH,Kab. Aceh Utara,2021,43.52,32.5
11,1112,ACEH,Aceh Barat Daya,11,1112,ACEH,Kab. Aceh Barat Daya,2022,50.23,35.4
11,1113,ACEH,Gayo Lues,11,1113,ACEH,Kab. Gayo Lues,2020,49.71,44.4
11,1114,ACEH,Aceh Tamiang,11,1116,ACEH,Kab. Aceh Tamiang,2021,45.02,33.4
11,1115,ACEH,Nagan Raya,11,1115,ACEH,Kab. Nagan Raya,2020,33.22,40.6
11,1116,ACEH,Aceh Jaya,11,1114,ACEH,Kab. Aceh Jaya,2022,34.68,34
11,1117,ACEH,Bener Meriah,11,1117,ACEH,Kab. Bener Meriah,2020,46.86,45.9
11,1118,ACEH,Pidie Jaya,11,1118,ACEH,Kab. Pidie Jaya,2022,39.9,36.8
11,1171,ACEH,Kota Banda Aceh,11,1171,ACEH,Kota Banda Aceh,2022,30.71,26.6
11,1172,ACEH,Kota Sabang,11,1172,ACEH,Kota Sabang,2022,38.29,23.5
11,1173,ACEH,Kota Langsa,11,1174,ACEH,Kota Langsa,2022,29.33,27.5
11,1174,ACEH,Kota Lhokseumawe,11,1173,ACEH,Kota Lhokseumawe,2022,27.46,35.4
11,1175,ACEH,Kota Subulussalam,11,1175,ACEH,Kota Subulussalam,2020,48.49,49.6
12,1201,SUMATERA UTARA,Nias,12,1204,SUMATERA UTARA,Kab. Nias,2020,46.97,61.3
12,1202,SUMATERA UTARA,Mandailing Natal,12,1213,SUMATERA UTARA,Kab. Mandailing Natal,2020,48.29,48.3
12,1203,SUMATERA UTARA,Tapanuli Selatan,12,1203,SUMATERA UTARA,Kab. Tapanuli Selatan,2022,48.41,28.8
12,1204,SUMATERA UTARA,Tapanuli Tengah,12,1201,SUMATERA UTARA,Kab. Tapanuli Tengah,2020,49.69,43.7
12,1205,SUMATERA UTARA,Tapanuli Utara,12,1202,SUMATERA UTARA,Kab. Tapanuli Utara,2021,46.39,38.3
12,1206,SUMATERA UTARA,Toba Samosir,12,1212,SUMATERA UTARA,Kab. Toba Samosir,2022,41.79,29.7
12,1207,SUMATERA UTARA,Labuhan Batu,12,1210,SUMATERA UTARA,Kab. Labuhanbatu,2021,36.92,36.4
12,1208,SUMATERA UTARA,Asahan,12,1209,SUMATERA UTARA,Kab. Asahan,2021,45.93,24.9
12,1209,SUMATERA UTARA,Simalungun,12,1208,SUMATERA UTARA,Kab. Simalungun,2019,34.05,28.4
12,1210,SUMATERA UTARA,Dairi,12,1211,SUMATERA UTARA,Kab. Dairi,2020,44.3,40.2
12,1211,SUMATERA UTARA,Karo,12,1206,SUMATERA UTARA,Kab. Karo,2021,43.33,29.6
12,1212,SUMATERA UTARA,Deli Serdang,12,1207,SUMATERA UTARA,Kab. Deli Serdang,2020,37.68,25.7
12,1213,SUMATERA UTARA,Langkat,12,1205,SUMATERA UTARA,Kab. Langkat,2018,55.48,31.6
12,1214,SUMATERA UTARA,Nias Selatan,12,1214,SUMATERA UTARA,Kab. Nias Selatan,2020,37.06,45.1
12,1215,SUMATERA UTARA,Humbang Hasundutan,12,1216,SUMATERA UTARA,Kab. Humbang Hasundutan,2021,48.58,41.3
12,1216,SUMATERA UTARA,Pakpak Bharat,12,1215,SUMATERA UTARA,Kab. Pakpak Bharat,2020,52.3,45.6
12,1217,SUMATERA UTARA,Samosir,12,1217,SUMATERA UTARA,Kab. Samosir,2022,49.15,24.4
12,1218,SUMATERA UTARA,Serdang Bedagai,12,1218,SUMATERA UTARA,Kab. Serdang Bedagai,2021,44.66,36
12,1219,SUMATERA UTARA,Batu Bara,12,1219,SUMATERA UTARA,Kab. Batu Bara,2021,54.79,23.7
12,1220,SUMATERA UTARA,Padang Lawas Utara,12,1220,SUMATERA UTARA,Kab. Padang Lawas Utara,2020,46.91,47.5
12,1221,SUMATERA UTARA,Padang Lawas,12,1221,SUMATERA UTARA,Kab. Padang Lawas,2018,54.86,42.9
12,1222,SUMATERA UTARA,Labuhan Batu Selatan,12,1222,SUMATERA UTARA,Kab. Labuhanbatu Selatan,2021,46.63,34.9
12,1223,SUMATERA UTARA,Labuhan Batu Utara,12,1223,SUMATERA UTARA,Kab. Labuhanbatu Utara,2021,44.75,31.2
12,1224,SUMATERA UTARA,Nias Utara,12,1224,SUMATERA UTARA,Kab. Nias Utara,2018,54.83,45.5
12,1225,SUMATERA UTARA,Nias Barat,12,1225,SUMATERA UTARA,Kab. Nias Barat,2020,50.42,45.9
12,1271,SUMATERA UTARA,Kota Sibolga,12,1273,SUMATERA UTARA,Kota Sibolga,2022,34.09,23.4
12,1272,SUMATERA UTARA,Kota Tanjung Balai,12,1274,SUMATERA UTARA,Kota Tanjung Balai,2022,42.16,35.9
12,1273,SUMATERA UTARA,Kota Pematang Siantar,12,1272,SUMATERA UTARA,Kota Pematang Siantar,2022,35.16,20.5
12,1274,SUMATERA UTARA,Kota Tebing Tinggi,12,1276,SUMATERA UTARA,Kota Tebing Tinggi,2022,30.06,25.9
12,1275,SUMATERA UTARA,Kota Medan,12,1271,SUMATERA UTARA,Kota Medan,2020,34.91,27
12,1276,SUMATERA UTARA,Kota Binjai,12,1275,SUMATERA UTARA,Kota Binjai,2022,36.87,28.3
12,1277,SUMATERA UTARA,Kota Padangsidimpuan,12,1277,SUMATERA UTARA,Kota Padangsidimpuan,2021,48.77,39.8
12,1278,SUMATERA UTARA,Kota Gunungsitoli,12,1278,SUMATERA UTARA,Kota Gunungsitoli,2018,52.32,40.4
13,1301,SUMATERA BARAT,Kepulauan Mentawai,13,1309,SUMATERA BARAT,Kab. Kepulauan Mentawai,2022,40.9,32.4
13,1302,SUMATERA BARAT,Pesisir Selatan,13,1301,SUMATERA BARAT,Kab. Pesisir Selatan,2021,50,26.5
13,1303,SUMATERA BARAT,Solok,13,1302,SUMATERA BARAT,Kab. Solok,2019,42.02,41.5
13,1304,SUMATERA BARAT,Sijunjung,13,1303,SUMATERA BARAT,Kab. Sijunjung,2021,37.2,35
13,1305,SUMATERA BARAT,Tanah Datar,13,1304,SUMATERA BARAT,Kab. Tanah Datar,2022,38.79,26.3
13,1306,SUMATERA BARAT,Padang Pariaman,13,1305,SUMATERA BARAT,Kab. Padang Pariaman,2021,41.04,26.1
13,1307,SUMATERA BARAT,Agam,13,1306,SUMATERA BARAT,Kab. Agam,2021,29.96,30
13,1308,SUMATERA BARAT,Lima Puluh Kota,13,1307,SUMATERA BARAT,Kab. Lima Puluh Kota,2020,28.75,40.1
13,1309,SUMATERA BARAT,Pasaman,13,1308,SUMATERA BARAT,Kab. Pasaman,2018,55.2,40.6
13,1310,SUMATERA BARAT,Solok Selatan,13,1311,SUMATERA BARAT,Kab. Solok Selatan,2022,48.63,27.7
13,1311,SUMATERA BARAT,Dharmasraya,13,1310,SUMATERA BARAT,Kab. Dharmasraya,2022,40.35,
13,1312,SUMATERA BARAT,Pasaman Barat,13,1312,SUMATERA BARAT,Kab. Pasaman Barat,2018,51.54,35.1
13,1371,SUMATERA BARAT,Kota Padang,13,1371,SUMATERA BARAT,Kota Padang,2021,33.69,22.4
13,1372,SUMATERA BARAT,Kota Solok,13,1372,SUMATERA BARAT,Kota Solok,2022,30.7,23.6
13,1373,SUMATERA BARAT,Kota Sawah Lunto,13,1373,SUMATERA BARAT,Kota Sawahlunto,2022,22.5,20.6
13,1374,SUMATERA BARAT,Kota Padang Panjang,13,1374,SUMATERA BARAT,Kota Padang Panjang,2022,28.47,27.2
13,1375,SUMATERA BARAT,Kota Bukittinggi,13,1375,SUMATERA BARAT,Kota Bukittinggi,2022,28.47,17.2
13,1376,SUMATERA BARAT,Kota Payakumbuh,13,1376,SUMATERA BARAT,Kota Payakumbuh,2022,30.43,19.2
13,1377,SUMATERA BARAT,Kota Pariaman,13,1377,SUMATERA BARAT,Kota Pariaman,2022,43.99,17.8
14,1401,RIAU,Kuantan Singingi,14,1409,RIAU,Kab. Kuantan Singingi,2022,38.75,24.6
14,1402,RIAU,Indragiri Hulu,14,1402,RIAU,Kab. Indragiri Hulu,2021,40.43,32.2
14,1403,RIAU,Indragiri Hilir,14,1404,RIAU,Kab. Indragiri Hilir,2021,39.95,32.2
14,1404,RIAU,Pelalawan,14,1405,RIAU,Kab. Pelalawan,2020,44.39,25.5
14,1405,RIAU,Siak,14,1408,RIAU,Kab. Siak,2021,24.39,21
14,1406,RIAU,Kampar,14,1401,RIAU,Kab. Kampar,2019,31.99,32
14,1407,RIAU,Rokan Hulu,14,1406,RIAU,Kab. Rokan Hulu,2018,59.01,27.2
14,1408,RIAU,Bengkalis,14,1403,RIAU,Kab. Bengkalis,2021,26.95,32.3
14,1409,RIAU,Rokan Hilir,14,1407,RIAU,Kab. Rokan Hilir,2020,33.69,38.1
14,1410,RIAU,Kepulauan Meranti,14,1410,RIAU,Kab. Kepulauan Meranti,2020,37.7,29.9
14,1471,RIAU,Kota Pekanbaru,14,1471,RIAU,Kota Pekanbaru,2021,34.65,16
14,1473,RIAU,Kota Dumai,14,1472,RIAU,Kota Dumai,2022,34.11,17.3
15,1501,JAMBI,Kerinci,15,1501,JAMBI,Kab. Kerinci,2018,55.26,42.4
15,1502,JAMBI,Merangin,15,1502,JAMBI,Kab. Merangin,2020,37.52,35
15,1503,JAMBI,Sarolangun,15,1503,JAMBI,Kab. Sarolangun,2022,40.83,18.8
15,1504,JAMBI,Batang Hari,15,1504,JAMBI,Kab. Batanghari,2022,39.55,32.8
15,1505,JAMBI,Muaro Jambi,15,1505,JAMBI,Kab. Muaro Jambi,2022,50.06,20.7
15,1506,JAMBI,Tanjung Jabung Timur,15,1507,JAMBI,Kab. Tanjung Jabung Timur,2019,48.49,40.9
15,1507,JAMBI,Tanjung Jabung Barat,15,1506,JAMBI,Kab. Tanjung Jabung Barat,2020,29.55,44
15,1508,JAMBI,Tebo,15,1509,JAMBI,Kab. Tebo,2021,41.46,33
15,1509,JAMBI,Bungo,15,1508,JAMBI,Kab. Bungo,2022,34.52,20.7
15,1571,JAMBI,Kota Jambi,15,1571,JAMBI,Kota Jambi,2021,24.52,26.2
15,1572,JAMBI,Kota Sungai Penuh,15,1572,JAMBI,Kota Sungai Penuh,2022,36.89,35.8
16,1601,SUMATERA SELATAN,Ogan Komering Ulu,16,1601,SUMATERA SELATAN,Kab. Ogan Komering Ulu,2021,40.72,33.2
16,1602,SUMATERA SELATAN,Ogan Komering Ilir,16,1602,SUMATERA SELATAN,Kab. Ogan Komering Ilir,2018,40.55,30.6
16,1603,SUMATERA SELATAN,Muara Enim,16,1603,SUMATERA SELATAN,Kab. Muara Enim,2019,46,34.4
16,1604,SUMATERA SELATAN,Lahat,16,1604,SUMATERA SELATAN,Kab. Lahat,2020,37.15,48.1
16,1605,SUMATERA SELATAN,Musi Rawas,16,1605,SUMATERA SELATAN,Kab. Musi Rawas,2021,39.79,34.6
16,1606,SUMATERA SELATAN,Musi Banyuasin,16,1606,SUMATERA SELATAN,Kab. Musi Banyuasin,2021,38.57,31.1
16,1607,SUMATERA SELATAN,Banyu Asin,16,1607,SUMATERA SELATAN,Kab. Banyuasin,2020,39.55,29.3
16,1608,SUMATERA SELATAN,Ogan Komering Ulu Selatan,16,1609,SUMATERA SELATAN,Kab. Ogan Komering Ulu Selatan,2022,38.69,26.4
16,1609,SUMATERA SELATAN,Ogan Komering Ulu Timur,16,1608,SUMATERA SELATAN,Kab. Ogan Komering Ulu Timur,2021,45.43,27.2
16,1610,SUMATERA SELATAN,Ogan Ilir,16,1610,SUMATERA SELATAN,Kab. Ogan Ilir,2020,32.67,43.9
16,1611,SUMATERA SELATAN,Empat Lawang,16,1611,SUMATERA SELATAN,Kab. Empat Lawang,2022,29.03,36
16,1612,SUMATERA SELATAN,Penukal Abab Lematang Ilir,16,1612,SUMATERA SELATAN,Kab. Penukal Abab Lematang Ilir,2021,46,39.5
16,1613,SUMATERA SELATAN,Musi Rawas Utara,16,1613,SUMATERA SELATAN,Kab. Musi Rawas Utara,2022,39.79,33.2
16,1671,SUMATERA SELATAN,Kota Palembang,16,1671,SUMATERA SELATAN,Kota Palembang,2020,27.44,25.9
16,1672,SUMATERA SELATAN,Kota Prabumulih,16,1674,SUMATERA SELATAN,Kota Prabumulih,2022,38.67,26.2
16,1673,SUMATERA SELATAN,Kota Pagar Alam,16,1672,SUMATERA SELATAN,Kota Pagar Alam,2022,37.1,31.9
16,1674,SUMATERA SELATAN,Kota Lubuklinggau,16,1673,SUMATERA SELATAN,Kota Lubuk Linggau,2022,23.31,32
17,1701,BENGKULU,Bengkulu Selatan,17,1701,BENGKULU,Kab. Bengkulu Selatan,2020,39.79,33.7
17,1702,BENGKULU,Rejang Lebong,17,1702,BENGKULU,Kab. Rejang Lebong,2022,49.89,26
17,1703,BENGKULU,Bengkulu Utara,17,1703,BENGKULU,Kab. Bengkulu Utara,2019,39.58,26.8
17,1704,BENGKULU,Kaur,17,1704,BENGKULU,Kab. Kaur,2018,50.71,34.3
17,1705,BENGKULU,Seluma,17,1705,BENGKULU,Kab. Seluma,2020,36.84,35.9
17,1706,BENGKULU,Mukomuko,17,1706,BENGKULU,Kab. Muko Muko,2022,40.06,33.1
17,1707,BENGKULU,Lebong,17,1707,BENGKULU,Kab. Lebong,2022,31.75,26.1
17,1708,BENGKULU,Kepahiang,17,1708,BENGKULU,Kab. Kepahiang,2022,44.49,36.7
17,1709,BENGKULU,Bengkulu Tengah,17,1709,BENGKULU,Kab. Bengkulu Tengah,2022,37.91,23.3
17,1771,BENGKULU,Kota Bengkulu,17,1771,BENGKULU,Kota Bengkulu,2022,31.49,18
18,1801,LAMPUNG,Lampung Barat,18,1804,LAMPUNG,Kab. Lampung Barat,2022,34.6,33
18,1802,LAMPUNG,Tanggamus,18,1806,LAMPUNG,Kab. Tanggamus,2019,39.66,29.9
18,1803,LAMPUNG,Lampung Selatan,18,1801,LAMPUNG,Kab. Lampung Selatan,2018,43.01,29.1
18,1804,LAMPUNG,Lampung Timur,18,1807,LAMPUNG,Kab. Lampung Timur,2018,43.17,24.7
18,1805,LAMPUNG,Lampung Tengah,18,1802,LAMPUNG,Kab. Lampung Tengah,2018,52.68,25.3
18,1806,LAMPUNG,Lampung Utara,18,1803,LAMPUNG,Kab. Lampung Utara,2020,32.44,26.6
18,1807,LAMPUNG,Way Kanan,18,1808,LAMPUNG,Kab. Way Kanan,2021,29.8,36.1
18,1808,LAMPUNG,Tulangbawang,18,1805,LAMPUNG,Kab. Tulang Bawang,2021,40.99,32.5
18,1809,LAMPUNG,Pesawaran,18,1809,LAMPUNG,Kab. Pesawaran,2020,50.81,27.5
18,1810,LAMPUNG,Pringsewu,18,1810,LAMPUNG,Kab. Pringsewu,2021,36.99,20.2
18,1811,LAMPUNG,Mesuji,18,1811,LAMPUNG,Kab. Mesuji,2022,43.43,28.2
18,1812,LAMPUNG,Tulang Bawang Barat,18,1812,LAMPUNG,Kab. Tulang Bawang Barat,2022,40.08,27.2
18,1813,LAMPUNG,Pesisir Barat,18,1813,LAMPUNG,Kab. Pesisir Barat,2022,34.6,24.4
18,1871,LAMPUNG,Kota Bandar Lampung,18,1871,LAMPUNG,Kota Bandar Lampung,2021,44.59,25.1
18,1872,LAMPUNG,Kota Metro,18,1872,LAMPUNG,Kota Metro,2022,47.34,14.8
19,1901,KEP. BANGKA BELITUNG,Bangka,19,1901,KEPULAUAN BANGKA BELITUNG,Kab. Bangka,2019,32.27,23.9
19,1902,KEP. BANGKA BELITUNG,Belitung,19,1902,KEPULAUAN BANGKA BELITUNG,Kab. Belitung,2022,21.46,19.9
19,1903,KEP. BANGKA BELITUNG,Bangka Barat,19,1905,KEPULAUAN BANGKA BELITUNG,Kab. Bangka Barat,2018,39.14,33.3
19,1904,KEP. BANGKA BELITUNG,Bangka Tengah,19,1904,KEPULAUAN BANGKA BELITUNG,Kab. Bangka Tengah,2022,30.87,26.1
19,1905,KEP. BANGKA BELITUNG,Bangka Selatan,19,1903,KEPULAUAN BANGKA BELITUNG,Kab. Bangka Selatan,2020,32.6,26.9
19,1906,KEP. BANGKA BELITUNG,Belitung Timur,19,1906,KEPULAUAN BANGKA BELITUNG,Kab. Belitung Timur,2022,26.72,14.7
19,1971,KEP. BANGKA BELITUNG,Kota Pangkal Pinang,19,1971,KEPULAUAN BANGKA BELITUNG,Kota Pangkal Pinang,2022,12.57,13.3
21,2101,KEP. RIAU,Karimun,21,2102,KEPULAUAN RIAU,Kab. Karimun,2020,29.65,31.6
21,2102,KEP. RIAU,Bintan,21,2101,KEPULAUAN RIAU,Kab. Bintan,2022,33.88,21.5
21,2103,KEP. RIAU,Natuna,21,2103,KEPULAUAN RIAU,Kab. Natuna,2018,35.19,22.2
21,2104,KEP. RIAU,Lingga,21,2104,KEPULAUAN RIAU,Kab. Lingga,2019,33.93,22
21,2105,KEP. RIAU,Kepulauan Anambas,21,2105,KEPULAUAN RIAU,Kab. Kepulauan Anambas,2022,26.11,26.1
21,2171,KEP. RIAU,Kota Batam,21,2171,KEPULAUAN RIAU,Kota Batam,2021,25.41,22.9
21,2172,KEP. RIAU,Kota Tanjung Pinang,21,2172,KEPULAUAN RIAU,Kota Tanjung Pinang,2022,17.11,23.3
31,3101,DKI JAKARTA,Kepulauan Seribu,31,3101,DKI JAKARTA,Kab. Adm. Kep. Seribu,2018,41.29,27.1
31,3171,DKI JAKARTA,Kota Jakarta Selatan,31,3174,DKI JAKARTA,Kota Adm. Jakarta Selatan,2021,26.34,16.2
31,3172,DKI JAKARTA,Kota Jakarta Timur,31,3175,DKI JAKARTA,Kota Adm. Jakarta Timur,2020,21.95,18.4
31,3173,DKI JAKARTA,Kota Jakarta Pusat,31,3171,DKI JAKARTA,Kota Adm. Jakarta Pusat,2021,23.77,23.5
31,3174,DKI JAKARTA,Kota Jakarta Barat,31,3173,DKI JAKARTA,Kota Adm. Jakarta Barat,2021,37.81,14.8
31,3175,DKI JAKARTA,Kota Jakarta Utara,31,3172,DKI JAKARTA,Kota Adm. Jakarta Utara,2021,27.86,19
32,3201,JAWA BARAT,Bogor,32,3201,JAWA BARAT,Kab. Bogor,2018,28.29,32.9
32,3202,JAWA BARAT,Sukabumi,32,3202,JAWA BARAT,Kab. Sukabumi,2018,37.1,41.4
32,3203,JAWA BARAT,Cianjur,32,3203,JAWA BARAT,Kab. Cianjur,2018,41.76,33.5
32,3204,JAWA BARAT,Bandung,32,3204,JAWA BARAT,Kab. Bandung,2018,40.7,35.2
32,3205,JAWA BARAT,Garut,32,3205,JAWA BARAT,Kab. Garut,2018,37.83,34.6
32,3206,JAWA BARAT,Tasikmalaya,32,3206,JAWA BARAT,Kab. Tasikmalaya,2018,41.73,33.8
32,3207,JAWA BARAT,Ciamis,32,3207,JAWA BARAT,Kab. Ciamis,2020,41.44,33.4
32,3208,JAWA BARAT,Kuningan,32,3208,JAWA BARAT,Kab. Kuningan,2018,42,28.7
32,3209,JAWA BARAT,Cirebon,32,3209,JAWA BARAT,Kab. Cirebon,2018,42.47,33.7
32,3210,JAWA BARAT,Majalengka,32,3210,JAWA BARAT,Kab. Majalengka,2019,29.72,36.6
32,3211,JAWA BARAT,Sumedang,32,3211,JAWA BARAT,Kab. Sumedang,2018,41.08,32.2
32,3212,JAWA BARAT,Indramayu,32,3212,JAWA BARAT,Kab. Indramayu,2018,36.12,34
32,3213,JAWA BARAT,Subang,32,3213,JAWA BARAT,Kab. Subang,2018,40.47,28.6
32,3214,JAWA BARAT,Purwakarta,32,3214,JAWA BARAT,Kab. Purwakarta,2020,33.91,41
32,3215,JAWA BARAT,Karawang,32,3215,JAWA BARAT,Kab. Karawang,2018,34.87,33.1
32,3216,JAWA BARAT,Bekasi,32,3216,JAWA BARAT,Kab. Bekasi,2020,30.27,26.4
32,3217,JAWA BARAT,Bandung Barat,32,3217,JAWA BARAT,Kab. Bandung Barat,2018,52.55,36.7
32,3218,JAWA BARAT,Pangandaran,32,3218,JAWA BARAT,Kab. Pangandaran,2022,41.44,32.7
32,3271,JAWA BARAT,Kota Bogor,32,3271,JAWA BARAT,Kota Bogor,2021,29.81,27.8
32,3272,JAWA BARAT,Kota Sukabumi,32,3272,JAWA BARAT,Kota Sukabumi,2022,41.98,29
32,3273,JAWA BARAT,Kota Bandung,32,3273,JAWA BARAT,Kota Bandung,2020,32.22,21.7
32,3274,JAWA BARAT,Kota Cirebon,32,3274,JAWA BARAT,Kota Cirebon,2022,28.38,31.2
32,3275,JAWA BARAT,Kota Bekasi,32,3275,JAWA BARAT,Kota Bekasi,2020,26.59,16.7
32,3276,JAWA BARAT,Kota Depok,32,3276,JAWA BARAT,Kota Depok,2020,25.69,23.2
32,3277,JAWA BARAT,Kota Cimahi,32,3277,JAWA BARAT,Kota Cimahi,2021,28.17,21.1
32,3278,JAWA BARAT,Kota Tasikmalaya,32,3278,JAWA BARAT,Kota Tasikmalaya,2021,30.73,25.7
32,3279,JAWA BARAT,Kota Banjar,32,3279,JAWA BARAT,Kota Banjar,2022,39.2,27.9
33,3301,JAWA TENGAH,Cilacap,33,3301,JAWA TENGAH,Kab. Cilacap,2018,36.32,32.1
33,3302,JAWA TENGAH,Banyumas,33,3302,JAWA TENGAH,Kab. Banyumas,2018,33.49,32
33,3303,JAWA TENGAH,Purbalingga,33,3303,JAWA TENGAH,Kab. Purbalingga,2018,36.75,28.9
33,3304,JAWA TENGAH,Banjarnegara,33,3304,JAWA TENGAH,Kab. Banjarnegara,2021,37.65,24.1
33,3305,JAWA TENGAH,Kebumen,33,3305,JAWA TENGAH,Kab. Kebumen,2018,33.82,33.9
33,3306,JAWA TENGAH,Purworejo,33,3306,JAWA TENGAH,Kab. Purworejo,2021,35.4,23.3
33,3307,JAWA TENGAH,Wonosobo,33,3307,JAWA TENGAH,Kab. Wonosobo,2018,41.12,31.5
33,3308,JAWA TENGAH,Magelang,33,3308,JAWA TENGAH,Kab. Magelang,2020,36.64,33.9
33,3309,JAWA TENGAH,Boyolali,33,3309,JAWA TENGAH,Kab. Boyolali,2021,31.63,28.5
33,3310,JAWA TENGAH,Klaten,33,3310,JAWA TENGAH,Kab. Klaten,2018,31.29,29.6
33,3311,JAWA TENGAH,Sukoharjo,33,3311,JAWA TENGAH,Kab. Sukoharjo,2021,26.25,31.3
33,3312,JAWA TENGAH,Wonogiri,33,3312,JAWA TENGAH,Kab. Wonogiri,2021,26.56,27.9
33,3313,JAWA TENGAH,Karanganyar,33,3313,JAWA TENGAH,Kab. Karanganyar,2021,27.45,28
33,3314,JAWA TENGAH,Sragen,33,3314,JAWA TENGAH,Kab. Sragen,2020,29.96,33.2
33,3315,JAWA TENGAH,Grobogan,33,3315,JAWA TENGAH,Kab. Grobogan,2018,54.97,39.2
33,3316,JAWA TENGAH,Blora,33,3316,JAWA TENGAH,Kab. Blora,2018,55.06,32.9
33,3317,JAWA TENGAH,Rembang,33,3317,JAWA TENGAH,Kab. Rembang,2021,33.54,25.7
33,3318,JAWA TENGAH,Pati,33,3318,JAWA TENGAH,Kab. Pati,2020,37.22,37.9
33,3319,JAWA TENGAH,Kudus,33,3319,JAWA TENGAH,Kab. Kudus,2021,44,29.4
33,3320,JAWA TENGAH,Jepara,33,3320,JAWA TENGAH,Kab. Jepara,2020,32.6,33.6
33,3321,JAWA TENGAH,Demak,33,3321,JAWA TENGAH,Kab. Demak,2018,50.28,26.1
33,3322,JAWA TENGAH,Semarang,33,3322,JAWA TENGAH,Kab. Semarang,2021,34.95,24.9
33,3323,JAWA TENGAH,Temanggung,33,3323,JAWA TENGAH,Kab. Temanggung,2021,34.33,30.3
33,3324,JAWA TENGAH,Kendal,33,3324,JAWA TENGAH,Kab. Kendal,2021,40.12,25.5
33,3325,JAWA TENGAH,Batang,33,3325,JAWA TENGAH,Kab. Batang,2021,35.37,25.3
33,3326,JAWA TENGAH,Pekalongan,33,3326,JAWA TENGAH,Kab. Pekalongan,2019,41.55,35.1
33,3327,JAWA TENGAH,Pemalang,33,3327,JAWA TENGAH,Kab. Pemalang,2018,46.28,33.7
33,3328,JAWA TENGAH,Tegal,33,3328,JAWA TENGAH,Kab. Tegal,2021,37.08,30.6
33,3329,JAWA TENGAH,Brebes,33,3329,JAWA TENGAH,Kab. Brebes,2018,43.62,38.5
33,3371,JAWA TENGAH,Kota Magelang,33,3371,JAWA TENGAH,Kota Magelang,2022,31.91,27.5
33,3372,JAWA TENGAH,Kota Surakarta,33,3372,JAWA TENGAH,Kota Surakarta,2021,20.52,39.5
33,3373,JAWA TENGAH,Kota Salatiga,33,3373,JAWA TENGAH,Kota Salatiga,2022,18.12,34.2
33,3374,JAWA TENGAH,Kota Semarang,33,3374,JAWA TENGAH,Kota Semarang,2021,25.58,29.7
33,3375,JAWA TENGAH,Kota Pekalongan,33,3375,JAWA TENGAH,Kota Pekalongan,2022,41.16,29.7
33,3376,JAWA TENGAH,Kota Tegal,33,3376,JAWA TENGAH,Kota Tegal,2022,31.64,20.7
34,3401,DI YOGYAKARTA,Kulon Progo,34,3401,DI YOGYAKARTA,Kab. Kulon Progo,2018,26.31,22.7
34,3402,DI YOGYAKARTA,Bantul,34,3402,DI YOGYAKARTA,Kab. Bantul,2019,26.31,22.9
34,3403,DI YOGYAKARTA,Gunung Kidul,34,3403,DI YOGYAKARTA,Kab. Gunungkidul,2020,31.02,32.5
34,3404,DI YOGYAKARTA,Sleman,34,3404,DI YOGYAKARTA,Kab. Sleman,2021,28.43,14.7
34,3471,DI YOGYAKARTA,Kota Yogyakarta,34,3471,DI YOGYAKARTA,Kota Yogyakarta,2021,20.94,16.9
35,3501,JAWA TIMUR,Pacitan,35,3501,JAWA TIMUR,Kab. Pacitan,2022,35.68,26.3
35,3502,JAWA TIMUR,Ponorogo,35,3502,JAWA TIMUR,Kab. Ponorogo,2021,30.77,30.5
35,3503,JAWA TIMUR,Trenggalek,35,3503,JAWA TIMUR,Kab. Trenggalek,2018,38.63,39.9
35,3504,JAWA TIMUR,Tulungagung,35,3504,JAWA TIMUR,Kab. Tulungagung,2021,29.46,26.2
35,3505,JAWA TIMUR,Blitar,35,3505,JAWA TIMUR,Kab. Blitar,2021,27.7,27.4
35,3506,JAWA TIMUR,Kediri,35,3506,JAWA TIMUR,Kab. Kediri,2019,34.8,29.4
35,3507,JAWA TIMUR,Malang,35,3507,JAWA TIMUR,Kab. Malang,2018,27.28,31.7
35,3508,JAWA TIMUR,Lumajang,35,3508,JAWA TIMUR,Kab. Lumajang,2021,41.31,34
35,3509,JAWA TIMUR,Jember,35,3509,JAWA TIMUR,Kab. Jember,2018,44.1,38.3
35,3510,JAWA TIMUR,Banyuwangi,35,3510,JAWA TIMUR,Kab. Banyuwangi,2021,37.11,32
35,3511,JAWA TIMUR,Bondowoso,35,3511,JAWA TIMUR,Kab. Bondowoso,2018,56.38,38
35,3512,JAWA TIMUR,Situbondo,35,3512,JAWA TIMUR,Kab. Situbondo,2021,39.33,30.7
35,3513,JAWA TIMUR,Probolinggo,35,3513,JAWA TIMUR,Kab. Probolinggo,2018,49.43,39.9
35,3514,JAWA TIMUR,Pasuruan,35,3514,JAWA TIMUR,Kab. Pasuruan,2020,39.6,39.7
35,3515,JAWA TIMUR,Sidoarjo,35,3515,JAWA TIMUR,Kab. Sidoarjo,2020,30.2,27
35,3516,JAWA TIMUR,Mojokerto,35,3516,JAWA TIMUR,Kab. Mojokerto,2021,30.51,29.9
35,3517,JAWA TIMUR,Jombang,35,3517,JAWA TIMUR,Kab. Jombang,2021,35.71,29.8
35,3518,JAWA TIMUR,Nganjuk,35,3518,JAWA TIMUR,Kab. Nganjuk,2018,44.33,29.6
35,3519,JAWA TIMUR,Madiun,35,3519,JAWA TIMUR,Kab. Madiun,2021,28.63,32.4
35,3520,JAWA TIMUR,Magetan,35,3520,JAWA TIMUR,Kab. Magetan,2021,30.21,30.3
35,3521,JAWA TIMUR,Ngawi,35,3521,JAWA TIMUR,Kab. Ngawi,2020,30.33,40.5
35,3522,JAWA TIMUR,Bojonegoro,35,3522,JAWA TIMUR,Kab. Bojonegoro,2021,36.57,34.9
35,3523,JAWA TIMUR,Tuban,35,3523,JAWA TIMUR,Kab. Tuban,2021,37.65,30.8
35,3524,JAWA TIMUR,Lamongan,35,3524,JAWA TIMUR,Kab. Lamongan,2018,48.87,35.5
35,3525,JAWA TIMUR,Gresik,35,3525,JAWA TIMUR,Kab. Gresik,2021,30.2,27.2
35,3526,JAWA TIMUR,Bangkalan,35,3526,JAWA TIMUR,Kab. Bangkalan,2018,43.21,41.9
35,3527,JAWA TIMUR,Sampang,35,3527,JAWA TIMUR,Kab. Sampang,2018,41.46,47.9
35,3528,JAWA TIMUR,Pamekasan,35,3528,JAWA TIMUR,Kab. Pamekasan,2018,44.6,44.1
35,3529,JAWA TIMUR,Sumenep,35,3529,JAWA TIMUR,Kab. Sumenep,2018,52.44,34.3
35,3571,JAWA TIMUR,Kota Kediri,35,3571,JAWA TIMUR,Kota Kediri,2022,35.07,34.6
35,3572,JAWA TIMUR,Kota Blitar,35,3572,JAWA TIMUR,Kota Blitar,2022,26.44,25.6
35,3573,JAWA TIMUR,Kota Malang,35,3573,JAWA TIMUR,Kota Malang,2021,29.63,23.4
35,3574,JAWA TIMUR,Kota Probolinggo,35,3574,JAWA TIMUR,Kota Probolinggo,2022,29.87,30
35,3575,JAWA TIMUR,Kota Pasuruan,35,3575,JAWA TIMUR,Kota Pasuruan,2022,29.97,34.9
35,3576,JAWA TIMUR,Kota Mojokerto,35,3576,JAWA TIMUR,Kota Mojokerto,2022,33.53,20.9
35,3577,JAWA TIMUR,Kota Madiun,35,3577,JAWA TIMUR,Kota Madiun,2022,32.85,29.1
35,3578,JAWA TIMUR,Kota Surabaya,35,3578,JAWA TIMUR,Kota Surabaya,2020,22.7,28.6
35,3579,JAWA TIMUR,Kota Batu,35,3579,JAWA TIMUR,Kota Batu,2022,33.05,28.3
36,3601,BANTEN,Pandeglang,36,3601,BANTEN,Kab. Pandeglang,2018,38.57,39.5
36,3602,BANTEN,Lebak,36,3602,BANTEN,Kab. Lebak,2019,38.11,40.2
36,3603,BANTEN,Tangerang,36,3603,BANTEN,Kab. Tangerang,2020,32.3,23.2
36,3604,BANTEN,Serang,36,3604,BANTEN,Kab. Serang,2020,36.69,32
36,3671,BANTEN,Kota Tangerang,36,3671,BANTEN,Kota Tangerang,2021,28.57,19.1
36,3672,BANTEN,Kota Cilegon,36,3672,BANTEN,Kota Cilegon,2022,31.39,23.3
36,3673,BANTEN,Kota Serang,36,3673,BANTEN,Kota Serang,2021,31.19,24.6
36,3674,BANTEN,Kota Tangerang Selatan,36,3674,BANTEN,Kota Tangerang Selatan,2021,28.94,19.8
51,5101,BALI,Jembrana,51,5101,BALI,Kab. Jembrana,2022,34.04,29.1
51,5102,BALI,Tabanan,51,5102,BALI,Kab. Tabanan,2022,32.73,16.1
51,5103,BALI,Badung,51,5103,BALI,Kab. Badung,2021,25.05,25.2
51,5104,BALI,Gianyar,51,5104,BALI,Kab. Gianyar,2018,40.99,12.1
51,5105,BALI,Klungkung,51,5105,BALI,Kab. Klungkung,2022,19.22,21.4
51,5106,BALI,Bangli,51,5106,BALI,Kab. Bangli,2020,39.91,43.1
51,5107,BALI,Karang Asem,51,5107,BALI,Kab. Karangasem,2022,39.09,26.2
51,5108,BALI,Buleleng,51,5108,BALI,Kab. Buleleng,2019,35.66,20.5
51,5171,BALI,Kota Denpasar,51,5171,BALI,Kota Denpasar,2021,28.79,18.8
52,5201,NUSA TENGGARA BARAT,Lombok Barat,52,5201,NUSA TENGGARA BARAT,Kab. Lombok Barat,2018,46.89,33.6
52,5202,NUSA TENGGARA BARAT,Lombok Tengah,52,5202,NUSA TENGGARA BARAT,Kab. Lombok Tengah,2018,47.79,31.1
52,5203,NUSA TENGGARA BARAT,Lombok Timur,52,5203,NUSA TENGGARA BARAT,Kab. Lombok Timur,2018,43.77,43.5
52,5204,NUSA TENGGARA BARAT,Sumbawa,52,5204,NUSA TENGGARA BARAT,Kab. Sumbawa,2018,50.3,31.5
52,5205,NUSA TENGGARA BARAT,Dompu,52,5205,NUSA TENGGARA BARAT,Kab. Dompu,2018,47.78,33.8
52,5206,NUSA TENGGARA BARAT,Bima,52,5206,NUSA TENGGARA BARAT,Kab. Bima,2019,40.81,32
52,5207,NUSA TENGGARA BARAT,Sumbawa Barat,52,5207,NUSA TENGGARA BARAT,Kab. Sumbawa Barat,2019,32.18,18.3
52,5208,NUSA TENGGARA BARAT,Lombok Utara,52,5208,NUSA TENGGARA BARAT,Kab. Lombok Utara,2018,65.77,29.3
52,5271,NUSA TENGGARA BARAT,Kota Mataram,52,5271,NUSA TENGGARA BARAT,Kota Mataram,2021,38.87,24.5
52,5272,NUSA TENGGARA BARAT,Kota Bima,52,5272,NUSA TENGGARA BARAT,Kota Bima,2022,35.6,28.8
53,5301,NUSA TENGGARA TIMUR,Sumba Barat,53,5312,NUSA TENGGARA TIMUR,Kab. Sumba Barat,2018,55.35,47.8
53,5302,NUSA TENGGARA TIMUR,Sumba Timur,53,5311,NUSA TENGGARA TIMUR,Kab. Sumba Timur,2018,51.31,39.3
53,5303,NUSA TENGGARA TIMUR,Kupang,53,5301,NUSA TENGGARA TIMUR,Kab. Kupang,2019,46.22,41.4
53,5304,NUSA TENGGARA TIMUR,Timor Tengah Selatan,53,5302,NUSA TENGGARA TIMUR,Kab Timor Tengah Selatan,2018,70.43,56
53,5305,NUSA TENGGARA TIMUR,Timor Tengah Utara,53,5303,NUSA TENGGARA TIMUR,Kab. Timor Tengah Utara,2018,39.94,56.8
53,5306,NUSA TENGGARA TIMUR,Belu,53,5304,NUSA TENGGARA TIMUR,Kab. Belu,2019,38.57,46.8
53,5307,NUSA TENGGARA TIMUR,Alor,53,5305,NUSA TENGGARA TIMUR,Kab. Alor,2018,55.66,45.5
53,5308,NUSA TENGGARA TIMUR,Lembata,53,5313,NUSA TENGGARA TIMUR,Kab. Lembata,2018,55.08,43.1
53,5309,NUSA TENGGARA TIMUR,Flores Timur,53,5306,NUSA TENGGARA TIMUR,Kab. Flores Timur,2019,44.25,46.5
53,5310,NUSA TENGGARA TIMUR,Sikka,53,5307,NUSA TENGGARA TIMUR,Kab. Sikka,2019,41.26,33
53,5311,NUSA TENGGARA TIMUR,Ende,53,5308,NUSA TENGGARA TIMUR,Kab. Ende,2019,35.99,32.8
53,5312,NUSA TENGGARA TIMUR,Ngada,53,5309,NUSA TENGGARA TIMUR,Kab. Ngada,2018,62.14,34.7
53,5313,NUSA TENGGARA TIMUR,Manggarai,53,5310,NUSA TENGGARA TIMUR,Kab. Manggarai,2018,58.78,43.3
53,5314,NUSA TENGGARA TIMUR,Rote Ndao,53,5314,NUSA TENGGARA TIMUR,Kab. Rote Ndao,2018,55.38,44
53,5315,NUSA TENGGARA TIMUR,Manggarai Barat,53,5315,NUSA TENGGARA TIMUR,Kab. Manggarai Barat,2019,49.31,44.3
53,5316,NUSA TENGGARA TIMUR,Sumba Tengah,53,5317,NUSA TENGGARA TIMUR,Kab. Sumba Tengah,2018,63.61,45.4
53,5317,NUSA TENGGARA TIMUR,Sumba Barat Daya,53,5318,NUSA TENGGARA TIMUR,Kab. Sumba Barat Daya,2018,61.22,40
53,5318,NUSA TENGGARA TIMUR,Nagekeo,53,5316,NUSA TENGGARA TIMUR,Kab. Nagekeo,2019,44.33,36
53,5319,NUSA TENGGARA TIMUR,Manggarai Timur,53,5319,NUSA TENGGARA TIMUR,Kab. Manggarai Timur,2018,58.92,48.4
53,5320,NUSA TENGGARA TIMUR,Sabu Raijua,53,5320,NUSA TENGGARA TIMUR,Kab. Sabu Raijua,2018,62.49,46.5
53,5321,NUSA TENGGARA TIMUR,Malaka,53,5321,NUSA TENGGARA TIMUR,Kab. Malaka,2019,38.57,43
53,5371,NUSA TENGGARA TIMUR,Kota Kupang,53,5371,NUSA TENGGARA TIMUR,Kota Kupang,2022,36.77,23.3
61,6101,KALIMANTAN BARAT,Sambas,61,6101,KALIMANTAN BARAT,Kab. Sambas,2019,51.34,39
61,6102,KALIMANTAN BARAT,Bengkayang,61,6107,KALIMANTAN BARAT,Kab. Bengkayang,2022,33.35,31.9
61,6103,KALIMANTAN BARAT,Landak,61,6108,KALIMANTAN BARAT,Kab. Landak,2021,32.69,42
61,6104,KALIMANTAN BARAT,Mempawah,61,6102,KALIMANTAN BARAT,Kab. Mempawah,2022,39.72,33.4
61,6105,KALIMANTAN BARAT,Sanggau,61,6103,KALIMANTAN BARAT,Kab. Sanggau,2021,43.23,31.9
61,6106,KALIMANTAN BARAT,Ketapang,61,6104,KALIMANTAN BARAT,Kab. Ketapang,2018,34.83,42.7
61,6107,KALIMANTAN BARAT,Sintang,61,6105,KALIMANTAN BARAT,Kab. Sintang,2019,47.71,33.2
61,6108,KALIMANTAN BARAT,Kapuas Hulu,61,6106,KALIMANTAN BARAT,Kab. Kapuas Hulu,2020,36.8,40.6
61,6109,KALIMANTAN BARAT,Sekadau,61,6109,KALIMANTAN BARAT,Kab. Sekadau,2022,46.13,28.7
61,6110,KALIMANTAN BARAT,Melawi,61,6110,KALIMANTAN BARAT,Kab. Melawi,2020,27.81,40.8
61,6111,KALIMANTAN BARAT,Kayong Utara,61,6111,KALIMANTAN BARAT,Kab. Kayong Utara,2022,47.27,33.4
61,6112,KALIMANTAN BARAT,Kubu Raya,61,6112,KALIMANTAN BARAT,Kab. Kubu Raya,2021,39.65,24.8
61,6171,KALIMANTAN BARAT,Kota Pontianak,61,6171,KALIMANTAN BARAT,Kota Pontianak,2021,27.12,22.3
61,6172,KALIMANTAN BARAT,Kota Singkawang,61,6172,KALIMANTAN BARAT,Kota Singkawang,2022,31.55,26.6
62,6201,KALIMANTAN TENGAH,Kotawaringin Barat,62,6201,KALIMANTAN TENGAH,Kab. Kotawaringin Barat,2022,39.73,22.1
62,6202,KALIMANTAN TENGAH,Kotawaringin Timur,62,6202,KALIMANTAN TENGAH,Kab. Kotawaringin Timur,2019,36.88,48.8
62,6203,KALIMANTAN TENGAH,Kapuas,62,6203,KALIMANTAN TENGAH,Kab. Kapuas,2019,45.16,41.5
62,6204,KALIMANTAN TENGAH,Barito Selatan,62,6204,KALIMANTAN TENGAH,Kab. Barito Selatan,2020,46.35,40.2
62,6205,KALIMANTAN TENGAH,Barito Utara,62,6205,KALIMANTAN TENGAH,Kab. Barito Utara,2022,41.99,34.6
62,6206,KALIMANTAN TENGAH,Sukamara,62,6208,KALIMANTAN TENGAH,Kab. Sukamara,2022,40.94,24.9
62,6207,KALIMANTAN TENGAH,Lamandau,62,6209,KALIMANTAN TENGAH,Kab. Lamandau,2022,25.24,28.3
62,6208,KALIMANTAN TENGAH,Seruyan,62,6207,KALIMANTAN TENGAH,Kab. Seruyan,2022,30.43,21.8
62,6209,KALIMANTAN TENGAH,Katingan,62,6206,KALIMANTAN TENGAH,Kab. Katingan,2022,47.64,33.3
62,6210,KALIMANTAN TENGAH,Pulang Pisau,62,6211,KALIMANTAN TENGAH,Kab. Pulang Pisau,2022,46.05,32.1
62,6211,KALIMANTAN TENGAH,Gunung Mas,62,6210,KALIMANTAN TENGAH,Kab. Gunung Mas,2020,44.37,38.2
62,6212,KALIMANTAN TENGAH,Barito Timur,62,6213,KALIMANTAN TENGAH,Kab. Barito Timur,2018,54.84,42.1
62,6213,KALIMANTAN TENGAH,Murung Raya,62,6212,KALIMANTAN TENGAH,Kab. Murung Raya,2022,41.02,30.8
62,6271,KALIMANTAN TENGAH,Kota Palangka Raya,62,6271,KALIMANTAN TENGAH,Kota Palangkaraya,2022,40.32,22.9
63,6301,KALIMANTAN SELATAN,Tanah Laut,63,6301,KALIMANTAN SELATAN,Kab. Tanah Laut,2021,39.85,33.2
63,6302,KALIMANTAN SELATAN,Kota Baru,63,6302,KALIMANTAN SELATAN,Kab. Kotabaru,2021,47.88,28.6
63,6303,KALIMANTAN SELATAN,Banjar,63,6303,KALIMANTAN SELATAN,Kab. Banjar,2021,48.15,33.4
63,6304,KALIMANTAN SELATAN,Barito Kuala,63,6304,KALIMANTAN SELATAN,Kab. Barito Kuala,2021,47.64,34.1
63,6305,KALIMANTAN SELATAN,Tapin,63,6305,KALIMANTAN SELATAN,Kab. Tapin,2020,45.32,36
63,6306,KALIMANTAN SELATAN,Hulu Sungai Selatan,63,6306,KALIMANTAN SELATAN,Kab. Hulu Sungai Selatan,2022,49.85,35.1
63,6307,KALIMANTAN SELATAN,Hulu Sungai Tengah,63,6307,KALIMANTAN SELATAN,Kab. Hulu Sungai Tengah,2022,51.71,32.4
63,6308,KALIMANTAN SELATAN,Hulu Sungai Utara,63,6308,KALIMANTAN SELATAN,Kab. Hulu Sungai Utara,2018,56.03,37.7
63,6309,KALIMANTAN SELATAN,Tabalong,63,6309,KALIMANTAN SELATAN,Kab. Tabalong,2020,44.64,39.6
63,6310,KALIMANTAN SELATAN,Tanah Bumbu,63,6310,KALIMANTAN SELATAN,Kab. Tanah Bumbu,2019,44.93,28.6
63,6311,KALIMANTAN SELATAN,Balangan,63,6311,KALIMANTAN SELATAN,Kab. Balangan,2022,42.65,36.2
63,6371,KALIMANTAN SELATAN,Kota Banjarmasin,63,6371,KALIMANTAN SELATAN,Kota Banjarmasin,2021,35.79,28.8
63,6372,KALIMANTAN SELATAN,Kota Banjar Baru,63,6372,KALIMANTAN SELATAN,Kota Banjarbaru,2021,34.03,39.7
64,6401,KALIMANTAN TIMUR,Paser,64,6401,KALIMANTAN TIMUR,Kab. Paser,2022,25.47,27.5
64,6402,KALIMANTAN TIMUR,Kutai Barat,64,6407,KALIMANTAN TIMUR,Kab. Kutai Barat,2019,30.72,30
64,6403,KALIMANTAN TIMUR,Kutai Kartanegara,64,6402,KALIMANTAN TIMUR,Kab. Kutai Kartanegara,2020,26.09,35.7
64,6404,KALIMANTAN TIMUR,Kutai Timur,64,6408,KALIMANTAN TIMUR,Kab. Kutai Timur,2020,28.37,30.4
64,6405,KALIMANTAN TIMUR,Berau,64,6403,KALIMANTAN TIMUR,Kab. Berau,2022,21.67,31.7
64,6409,KALIMANTAN TIMUR,Penajam Paser Utara,64,6409,KALIMANTAN TIMUR,Kab. Penajam Paser Utara,2018,34.63,31.6
64,6411,KALIMANTAN TIMUR,Mahakam Hulu,64,6411,KALIMANTAN TIMUR,Kab. Mahakam Ulu,2022,30.72,32.8
64,6471,KALIMANTAN TIMUR,Kota Balikpapan,64,6471,KALIMANTAN TIMUR,Kota Balikpapan,2021,21.03,23.8
64,6472,KALIMANTAN TIMUR,Kota Samarinda,64,6472,KALIMANTAN TIMUR,Kota Samarinda,2021,24.92,26.3
64,6474,KALIMANTAN TIMUR,Kota Bontang,64,6474,KALIMANTAN TIMUR,Kota Bontang,2022,32.41,26.6
65,6501,KALIMANTAN UTARA,Malinau,65,6502,KALIMANTAN UTARA,Kab. Malinau,2018,40.27,24.6
65,6502,KALIMANTAN UTARA,Bulungan,65,6501,KALIMANTAN UTARA,Kab. Bulungan,2020,35.15,31.2
65,6503,KALIMANTAN UTARA,Tana Tidung,65,6504,KALIMANTAN UTARA,Kab. Tana Tidung,2022,19.97,37.6
65,6504,KALIMANTAN UTARA,Nunukan,65,6503,KALIMANTAN UTARA,Kab. Nunukan,2019,35.19,30.5
65,6571,KALIMANTAN UTARA,Kota Tarakan,65,6571,KALIMANTAN UTARA,Kota Tarakan,2022,36.35,22
71,7101,SULAWESI UTARA,Bolaang Mongondow,71,7101,SULAWESI UTARA,Kab. Bolaang Mongondow,2019,43.82,28.9
71,7102,SULAWESI UTARA,Minahasa,71,7102,SULAWESI UTARA,Kab. Minahasa,2022,35.51,20.1
71,7103,SULAWESI UTARA,Kepulauan Sangihe,71,7103,SULAWESI UTARA,Kab. Kepulauan Sangihe,2022,35.6,23
71,7104,SULAWESI UTARA,Kepulauan Talaud,71,7104,SULAWESI UTARA,Kab. Kepulauan Talaud,2022,31.71,23.6
71,7105,SULAWESI UTARA,Minahasa Selatan,71,7105,SULAWESI UTARA,Kab. Minahasa Selatan,2022,26.86,26.1
71,7106,SULAWESI UTARA,Minahasa Utara,71,7106,SULAWESI UTARA,Kab. Minahasa Utara,2020,31.17,35.4
71,7107,SULAWESI UTARA,Bolaang Mongondow Utara,71,7108,SULAWESI UTARA,Kab. Bolaang Mongondow Utara,2018,56.66,22.2
71,7108,SULAWESI UTARA,Siau Tagulandang Biaro,71,7109,SULAWESI UTARA,Kab. Kep. Siau Tagulandang Biaro,2022,38.45,19.5
71,7109,SULAWESI UTARA,Minahasa Tenggara,71,7107,SULAWESI UTARA,Kab. Minahasa Tenggara,2022,41.72,28
71,7110,SULAWESI UTARA,Bolaang Mongondow Selatan,71,7111,SULAWESI UTARA,Kab. Bolaang Mongondow Selatan,2020,47.88,33.3
71,7111,SULAWESI UTARA,Bolaang Mongondow Timur,71,7110,SULAWESI UTARA,Kab. Bolaang Mongondow Timur,2022,44.41,26.3
71,7171,SULAWESI UTARA,Kota Manado,71,7171,SULAWESI UTARA,Kota Manado,2022,34.93,19.8
71,7172,SULAWESI UTARA,Kota Bitung,71,7172,SULAWESI UTARA,Kota Bitung,2022,19.33,30
71,7173,SULAWESI UTARA,Kota Tomohon,71,7173,SULAWESI UTARA,Kota Tomohon,2022,27.16,19.2
71,7174,SULAWESI UTARA,Kota Kotamobagu,71,7174,SULAWESI UTARA,Kota Kotamobagu,2022,38.1,29
72,7201,SULAWESI TENGAH,Banggai Kepulauan,72,7207,SULAWESI TENGAH,Kab. Banggai Kepulauan,2021,51.64,40.5
72,7202,SULAWESI TENGAH,Banggai,72,7201,SULAWESI TENGAH,Kab. Banggai,2018,35.39,31.9
72,7203,SULAWESI TENGAH,Morowali,72,7206,SULAWESI TENGAH,Kab. Morowali,2020,49.38,34.8
72,7204,SULAWESI TENGAH,Poso,72,7202,SULAWESI TENGAH,Kab. Poso,2022,39.37,26.2
72,7205,SULAWESI TENGAH,Donggala,72,7203,SULAWESI TENGAH,Kab. Donggala,2022,39.13,36
72,7206,SULAWESI TENGAH,Toli-toli,72,7204,SULAWESI TENGAH,Kab. Toli Toli,2022,39.59,31.7
72,7207,SULAWESI TENGAH,Buol,72,7205,SULAWESI TENGAH,Kab. Buol,2022,49.74,34.2
72,7208,SULAWESI TENGAH,Parigi Moutong,72,7208,SULAWESI TENGAH,Kab. Parigi Moutong,2019,42.52,33.7
72,7209,SULAWESI TENGAH,Tojo Una-una,72,7209,SULAWESI TENGAH,Kab. Tojo Una Una,2022,41.83,26.2
72,7210,SULAWESI TENGAH,Sigi,72,7210,SULAWESI TENGAH,Kab. Sigi,2020,37.47,43
72,7211,SULAWESI TENGAH,Banggai Laut,72,7211,SULAWESI TENGAH,Kab. Banggai Laut,2022,51.64,34.2
72,7212,SULAWESI TENGAH,Morowali Utara,72,7212,SULAWESI TENGAH,Kab. Morowali Utara,2022,49.38,28.5
72,7271,SULAWESI TENGAH,Kota Palu,72,7271,SULAWESI TENGAH,Kota Palu,2022,35.58,24.1
73,7301,SULAWESI SELATAN,Kepulauan Selayar,73,7301,SULAWESI SELATAN,Kab. Kepulauan Selayar,2020,40.74,46
73,7302,SULAWESI SELATAN,Bulukumba,73,7302,SULAWESI SELATAN,Kab. Bulukumba,2021,42.99,36.2
73,7303,SULAWESI SELATAN,Bantaeng,73,7303,SULAWESI SELATAN,Kab. Bantaeng,2022,42.2,21
73,7304,SULAWESI SELATAN,Jeneponto,73,7304,SULAWESI SELATAN,Kab. Jeneponto,2020,40.53,41.3
73,7305,SULAWESI SELATAN,Takalar,73,7305,SULAWESI SELATAN,Kab. Takalar,2020,44.95,40.6
73,7306,SULAWESI SELATAN,Gowa,73,7306,SULAWESI SELATAN,Kab. Gowa,2020,44.73,44.5
73,7307,SULAWESI SELATAN,Sinjai,73,7307,SULAWESI SELATAN,Kab. Sinjai,2020,41.56,42.2
73,7308,SULAWESI SELATAN,Maros,73,7309,SULAWESI SELATAN,Kab. Maros,2021,37.9,34.9
73,7309,SULAWESI SELATAN,Pangkajene Dan Kepulauan,73,7310,SULAWESI SELATAN,Kab. Pangkajene Kepulauan,2020,45.99,50.5
73,7310,SULAWESI SELATAN,Barru,73,7311,SULAWESI SELATAN,Kab. Barru,2022,35.41,34.1
73,7311,SULAWESI SELATAN,Bone,73,7308,SULAWESI SELATAN,Kab. Bone,2019,43.65,37.3
73,7312,SULAWESI SELATAN,Soppeng,73,7312,SULAWESI SELATAN,Kab. Soppeng,2022,30.53,35.5
73,7313,SULAWESI SELATAN,Wajo,73,7313,SULAWESI SELATAN,Kab. Wajo,2021,32.48,32.2
73,7314,SULAWESI SELATAN,Sidenreng Rappang,73,7314,SULAWESI SELATAN,Kab. Sidenreng Rappang,2022,34.52,31.7
73,7315,SULAWESI SELATAN,Pinrang,73,7315,SULAWESI SELATAN,Kab. Pinrang,2020,51.81,43.6
73,7316,SULAWESI SELATAN,Enrekang,73,7316,SULAWESI SELATAN,Kab. Enrekang,2018,53.73,42.7
73,7317,SULAWESI SELATAN,Luwu,73,7317,SULAWESI SELATAN,Kab. Luwu,2021,46.58,30.3
73,7318,SULAWESI SELATAN,Tana Toraja,73,7318,SULAWESI SELATAN,Kab. Tana Toraja,2020,49.25,47
73,7322,SULAWESI SELATAN,Luwu Utara,73,7322,SULAWESI SELATAN,Kab. Luwu Utara,2021,45.13,34.7
73,7325,SULAWESI SELATAN,Luwu Timur,73,7324,SULAWESI SELATAN,Kab. Luwu Timur,2022,36.91,25.3
73,7326,SULAWESI SELATAN,Toraja Utara,73,7326,SULAWESI SELATAN,Kab. Toraja Utara,2020,44.67,40.7
73,7371,SULAWESI SELATAN,Kota Makassar,73,7371,SULAWESI SELATAN,Kota Makassar,2021,34.69,25.3
73,7372,SULAWESI SELATAN,Kota Parepare,73,7372,SULAWESI SELATAN,Kota Pare Pare,2022,39.59,23.3
73,7373,SULAWESI SELATAN,Kota Palopo,73,7373,SULAWESI SELATAN,Kota Palopo,2022,33.63,36
74,7401,SULAWESI TENGGARA,Buton,74,7404,SULAWESI TENGGARA,Kab. Buton,2018,49.61,34.9
74,7402,SULAWESI TENGGARA,Muna,74,7403,SULAWESI TENGGARA,Kab. Muna,2020,41.93,26.8
74,7403,SULAWESI TENGGARA,Konawe,74,7402,SULAWESI TENGGARA,Kab. Konawe,2022,45.09,29.4
74,7404,SULAWESI TENGGARA,Kolaka,74,7401,SULAWESI TENGGARA,Kab. Kolaka,2019,47.05,28.7
74,7405,SULAWESI TENGGARA,Konawe Selatan,74,7405,SULAWESI TENGGARA,Kab. Konawe Selatan,2022,37.22,28
74,7406,SULAWESI TENGGARA,Bombana,74,7406,SULAWESI TENGGARA,Kab. Bombana,2022,45.16,33.9
74,7407,SULAWESI TENGGARA,Wakatobi,74,7407,SULAWESI TENGGARA,Kab. Wakatobi,2020,11.06,29.1
74,7408,SULAWESI TENGGARA,Kolaka Utara,74,7408,SULAWESI TENGGARA,Kab. Kolaka Utara,2022,45.73,30.6
74,7409,SULAWESI TENGGARA,Buton Utara,74,7410,SULAWESI TENGGARA,Kab. Buton Utara,2022,44.29,37.1
74,7410,SULAWESI TENGGARA,Konawe Utara,74,7409,SULAWESI TENGGARA,Kab. Konawe Utara,2022,33.29,37.7
74,7411,SULAWESI TENGGARA,Kolaka Timur,74,7411,SULAWESI TENGGARA,Kab. Kolaka Timur,2020,47.05,17.6
74,7412,SULAWESI TENGGARA,Konawe Kepulauan,74,7412,SULAWESI TENGGARA,Kab. Konawe Kepulauan,2021,45.09,38.9
74,7413,SULAWESI TENGGARA,Muna Barat,74,7413,SULAWESI TENGGARA,Kab. Muna Barat,2022,41.93,31.3
74,7414,SULAWESI TENGGARA,Buton Tengah,74,7414,SULAWESI TENGGARA,Kab. Buton Tengah,2022,49.61,19.2
74,7415,SULAWESI TENGGARA,Buton Selatan,74,7415,SULAWESI TENGGARA,Kab. Buton Selatan,2020,49.61,34.8
74,7471,SULAWESI TENGGARA,Kota Kendari,74,7471,SULAWESI TENGGARA,Kota Kendari,2022,40.37,22.7
74,7472,SULAWESI TENGGARA,Kota Baubau,74,7472,SULAWESI TENGGARA,Kota Bau Bau,2022,48.67,37.2
75,7501,GORONTALO,Boalemo,75,7502,GORONTALO,Kab. Boalemo,2018,39.37,44.8
75,7502,GORONTALO,Gorontalo,75,7501,GORONTALO,Kab. Gorontalo,2018,42.62,34.6
75,7503,GORONTALO,Pohuwato,75,7504,GORONTALO,Kab. Pahuwato,2019,37.14,23.6
75,7504,GORONTALO,Bone Bolango,75,7503,GORONTALO,Kab. Bone Bolango,2020,46.28,29.1
75,7505,GORONTALO,Gorontalo Utara,75,7505,GORONTALO,Kab. Gorontalo Utara,2022,31.31,33.3
75,7571,GORONTALO,Kota Gorontalo,75,7571,GORONTALO,Kota Gorontalo,2022,33.03,27.4
76,7601,SULAWESI BARAT,Majene,76,7605,SULAWESI BARAT,Kab. Majene,2018,58.62,45.9
76,7602,SULAWESI BARAT,Polewali Mandar,76,7604,SULAWESI BARAT,Kab. Polewali Mandar,2018,48.48,38.2
76,7603,SULAWESI BARAT,Mamasa,76,7603,SULAWESI BARAT,Kab. Mamasa,2019,37.59,43.2
76,7604,SULAWESI BARAT,Mamuju,76,7602,SULAWESI BARAT,Kab. Mamuju,2018,47.26,46.5
76,7605,SULAWESI BARAT,Mamuju Utara,76,7601,SULAWESI BARAT,Kab. Mamuju Utara,2022,47.82,34.8
76,7606,SULAWESI BARAT,Mamuju Tengah,76,7606,SULAWESI BARAT,Kab. Mamuju Tengah,2020,47.26,41.6
81,8101,MALUKU,Maluku Tenggara Barat,81,8103,MALUKU,Kab Maluku Tenggara Barat,2022,33.45,28.8
81,8102,MALUKU,Maluku Tenggara,81,8102,MALUKU,Kab. Maluku Tenggara,2020,37.97,31.1
81,8103,MALUKU,Maluku Tengah,81,8101,MALUKU,Kab. Maluku Tengah,2018,42.15,42.8
81,8104,MALUKU,Buru,81,8104,MALUKU,Kab. Buru,2022,45.72,27
81,8105,MALUKU,Kepulauan Aru,81,8107,MALUKU,Kab. Kepulauan Aru,2019,47.57,36
81,8106,MALUKU,Seram Bagian Barat,81,8106,MALUKU,Kab. Seram Bagian Barat,2018,59.86,33.6
81,8107,MALUKU,Seram Bagian Timur,81,8105,MALUKU,Kab. Seram Bagian Timur,2020,45.3,40.6
81,8108,MALUKU,Maluku Barat Daya,81,8108,MALUKU,Kab. Maluku Barat Daya,2020,30.63,31.1
81,8109,MALUKU,Buru Selatan,81,8109,MALUKU,Kab. Buru Selatan,2022,52.57,26.8
81,8171,MALUKU,Kota Ambon,81,8171,MALUKU,Kota Ambon,2021,28.93,31.3
81,8172,MALUKU,Kota Tual,81,8172,MALUKU,Kota Tual,2022,46.68,31
82,8201,MALUKU UTARA,Halmahera Barat,82,8201,MALUKU UTARA,Kab. Halmahera Barat,2022,45.79,35.3
82,8202,MALUKU UTARA,Halmahera Tengah,82,8202,MALUKU UTARA,Kab. Halmahera Tengah,2020,42.5,41.4
82,8203,MALUKU UTARA,Kepulauan Sula,82,8205,MALUKU UTARA,Kab. Kepulauan Sula,2019,50.1,38.6
82,8204,MALUKU UTARA,Halmahera Selatan,82,8204,MALUKU UTARA,Kab. Halmahera Selatan,2018,50.6,34.5
82,8205,MALUKU UTARA,Halmahera Utara,82,8203,MALUKU UTARA,Kab. Halmahera Utara,2022,37.88,25.1
82,8206,MALUKU UTARA,Halmahera Timur,82,8206,MALUKU UTARA,Kab. Halmahera Timur,2020,42.51,38.4
82,8207,MALUKU UTARA,Pulau Morotai,82,8207,MALUKU UTARA,Kab. Pulau Morotai,2022,41.44,36.8
82,8208,MALUKU UTARA,Pulau Taliabu,82,8208,MALUKU UTARA,Kab. Pulau Taliabu,2022,50.1,37
82,8271,MALUKU UTARA,Kota Ternate,82,8271,MALUKU UTARA,Kota Ternate,2022,24.71,19.6
82,8272,MALUKU UTARA,Kota Tidore Kepulauan,82,8272,MALUKU UTARA,Kota Tidore Kepulauan,2022,39.11,28.2
91,9101,PAPUA BARAT,Fakfak,92,9203,PAPUA BARAT,Kab. Fak Fak,2020,43.64,18
91,9102,PAPUA BARAT,Kaimana,92,9208,PAPUA BARAT,Kab. Kaimana,2020,40.97,16.7
91,9103,PAPUA BARAT,Teluk Wondama,92,9207,PAPUA BARAT,Kab. Teluk Wondama,2020,33.6,25.3
91,9104,PAPUA BARAT,Teluk Bintuni,92,9206,PAPUA BARAT,Kab. Teluk Bintuni,2020,39.53,28.5
91,9105,PAPUA BARAT,Manokwari,92,9202,PAPUA BARAT,Kab. Manokwari,2019,45.93,32.1
91,9106,PAPUA BARAT,Sorong Selatan,92,9204,PAPUA BARAT,Kab. Sorong Selatan,2018,60.7,39.6
91,9107,PAPUA BARAT,Sorong,92,9201,PAPUA BARAT,Kab. Sorong,2020,41.76,32.3
91,9108,PAPUA BARAT,Raja Ampat,92,9205,PAPUA BARAT,Kab. Raja Ampat,2020,46.07,27.6
91,9109,PAPUA BARAT,Tambrauw,92,9209,PAPUA BARAT,Kab. Tambrauw,2018,59.29,41.5
91,9110,PAPUA BARAT,Maybrat,92,9210,PAPUA BARAT,Kab. Maybrat,2020,38.19,42
91,9111,PAPUA BARAT,Manokwari Selatan,92,9211,PAPUA BARAT,Kab. Manokwari Selatan,2020,45.93,40.3
91,9112,PAPUA BARAT,Pegunungan Arfak,92,9212,PAPUA BARAT,Kab. Pegunungan Arfak,2019,45.93,35
91,9171,PAPUA BARAT,Kota Sorong,92,9271,PAPUA BARAT,Kota Sorong,2019,45.54,20.6
94,9401,PAPUA,Merauke,91,9101,PAPUA,Kab. Merauke,2020,23.18,22.8
94,9402,PAPUA,Jayawijaya,91,9102,PAPUA,Kab. Jayawijaya,2018,49.88,31.6
94,9403,PAPUA,Jayapura,91,9103,PAPUA,Kab. Jayapura,2020,35.05,24.6
94,9404,PAPUA,Nabire,91,9104,PAPUA,Kab. Nabire,2019,46.75,27.4
94,9408,PAPUA,Kepulauan Yapen,91,9105,PAPUA,Kab. Kepulauan Yapen,2019,40.12,46.2
94,9409,PAPUA,Biak Numfor,91,9106,PAPUA,Kab. Biak Numfor,2019,50.57,43.7
94,9410,PAPUA,Paniai,91,9108,PAPUA,Kab. Paniai,2019,31.44,42.4
94,9411,PAPUA,Puncak Jaya,91,9107,PAPUA,Kab. Puncak Jaya,2019,35.03,35.4
94,9412,PAPUA,Mimika,91,9109,PAPUA,Kab. Mimika,2020,34.22,28
94,9413,PAPUA,Boven Digoel,91,9116,PAPUA,Kab. Boven Digoel,2019,44.34,39.7
94,9414,PAPUA,Mappi,91,9117,PAPUA,Kab. Mappi,2020,50.03,33.1
94,9415,PAPUA,Asmat,91,9118,PAPUA,Kab. Asmat,2019,31.52,32.6
94,9416,PAPUA,Yahukimo,91,9113,PAPUA,Kab. Yahukimo,2019,33.05,34.2
94,9417,PAPUA,Pegunungan Bintang,91,9112,PAPUA,Kab Pegunungan Bintang,2019,46.41,38
94,9418,PAPUA,Tolikara,91,9114,PAPUA,Kab. Tolikara,2018,52.01,21.3
94,9419,PAPUA,Sarmi,91,9110,PAPUA,Kab. Sarmi,2020,29.3,19
94,9420,PAPUA,Keerom,91,9111,PAPUA,Kab. Keerom,2019,42.85,38.2
94,9426,PAPUA,Waropen,91,9115,PAPUA,Kab. Waropen,2020,30.33,52.6
94,9427,PAPUA,Supiori,91,9119,PAPUA,Kab. Supiori,2019,35.77,35
94,9428,PAPUA,Mamberamo Raya,91,9120,PAPUA,Kab. Mamberamo Raya,2019,27.44,19.4
94,9429,PAPUA,Nduga,91,9124,PAPUA,Kab. Nduga,2018,56.55,49.8
94,9430,PAPUA,Lanny Jaya,91,9123,PAPUA,Kab. Lanny Jaya,2018,60.89,47.1
94,9431,PAPUA,Mamberamo Tengah,91,9121,PAPUA,Kab. Mamberamo Tengah,2019,51.09,34.8
94,9432,PAPUA,Yalimo,91,9122,PAPUA,Kab. Yalimo,2019,41.87,0
94,9433,PAPUA,Puncak,91,9125,PAPUA,Kab. Puncak,2019,36.74,26.5
94,9434,PAPUA,Dogiyai,91,9126,PAPUA,Kab. Dogiyai,2018,66.12,57.5
94,9435,PAPUA,Intan Jaya,91,9127,PAPUA,Kab. Intan Jaya,2018,68.95,49.6
94,9436,PAPUA,Deiyai,91,9128,PAPUA,Kab. Deiyai,2019,10.45,23.5
94,9471,PAPUA,Kota Jayapura,91,9171,PAPUA,Kota Jayapura,2020,34.79,22.8
